username,Fanduel,Pointsbetus,Betmgm,Draftkings,Barstool
micah,-99.05000000000001,-191.852,-61.769999999999996,-57.95,-24.36521739130435
